[
{"name": "Afghanistan", "code": "AF"},
{"name": "Åland Islands", "code": "AX"},
{"name": "Albania", "code": "AL"},
{"name": "Algeria", "code": "DZ"},
{"name": "American Samoa", "code": "AS"},
{"name": "AndorrA", "code": "AD"},
{"name": "Angola", "code": "AO"},
{"name": "Anguilla", "code": "AI"},
{"name": "Antarctica", "code": "AQ"},
{"name": "Antigua and Barbuda", "code": "AG"},
{"name": "Argentina", "code": "AR"},
{"name": "Armenia", "code": "AM"},
{"name": "Aruba", "code": "AW"},
{"name": "Australia", "code": "AU"},
{"name": "Austria", "code": "AT"},
{"name": "Azerbaijan", "code": "AZ"},
{"name": "Bahamas", "code": "BS"},
{"name": "Bahrain", "code": "BH"},
{"name": "Bangladesh", "code": "BD"},
{"name": "Barbados", "code": "BB"},
{"name": "Belarus", "code": "BY"},
{"name": "Belgium", "code": "BE"},
{"name": "Belize", "code": "BZ"},
{"name": "Benin", "code": "BJ"},
{"name": "Bermuda", "code": "BM"},
{"name": "Bhutan", "code": "BT"},
{"name": "Bolivia", "code": "BO"},
{"name": "Bosnia and Herzegovina", "code": "BA"},
{"name": "Botswana", "code": "BW"},
{"name": "Bouvet Island", "code": "BV"},
{"name": "Brazil", "code": "BR"},
{"name": "British Indian Ocean Territory", "code": "IO"},
{"name": "Brunei Darussalam", "code": "BN"},
{"name": "Bulgaria", "code": "BG"},
{"name": "Burkina Faso", "code": "BF"},
{"name": "Burundi", "code": "BI"},
{"name": "Cambodia", "code": "KH"},
{"name": "Cameroon", "code": "CM"},
{"name": "Canada", "code": "CA"},
{"name": "Cape Verde", "code": "CV"},
{"name": "Cayman Islands", "code": "KY"},
{"name": "Central African Republic", "code": "CF"},
{"name": "Chad", "code": "TD"},
{"name": "Chile", "code": "CL"},
{"name": "China", "code": "CN"},
{"name": "Christmas Island", "code": "CX"},
{"name": "Cocos (Keeling) Islands", "code": "CC"},
{"name": "Colombia", "code": "CO"},
{"name": "Comoros", "code": "KM"},
{"name": "Congo", "code": "CG"},
{"name": "Congo, The Democratic Republic of the", "code": "CD"},
{"name": "Cook Islands", "code": "CK"},
{"name": "Costa Rica", "code": "CR"},
{"name": "Cote D'Ivoire", "code": "CI"},
{"name": "Croatia", "code": "HR"},
{"name": "Cuba", "code": "CU"},
{"name": "Cyprus", "code": "CY"},
{"name": "Czech Republic", "code": "CZ"},
{"name": "Denmark", "code": "DK"},
{"name": "Djibouti", "code": "DJ"},
{"name": "Dominica", "code": "DM"},
{"name": "Dominican Republic", "code": "DO"},
{"name": "Ecuador", "code": "EC"},
{"name": "Egypt", "code": "EG"},
{"name": "El Salvador", "code": "SV"},
{"name": "Equatorial Guinea", "code": "GQ"},
{"name": "Eritrea", "code": "ER"},
{"name": "Estonia", "code": "EE"},
{"name": "Ethiopia", "code": "ET"},
{"name": "Falkland Islands (Malvinas)", "code": "FK"},
{"name": "Faroe Islands", "code": "FO"},
{"name": "Fiji", "code": "FJ"},
{"name": "Finland", "code": "FI"},
{"name": "France", "code": "FR"},
{"name": "French Guiana", "code": "GF"},
{"name": "French Polynesia", "code": "PF"},
{"name": "French Southern Territories", "code": "TF"},
{"name": "Gabon", "code": "GA"},
{"name": "Gambia", "code": "GM"},
{"name": "Georgia", "code": "GE"},
{"name": "Germany", "code": "DE"},
{"name": "Ghana", "code": "GH"},
{"name": "Gibraltar", "code": "GI"},
{"name": "Greece", "code": "GR"},
{"name": "Greenland", "code": "GL"},
{"name": "Grenada", "code": "GD"},
{"name": "Guadeloupe", "code": "GP"},
{"name": "Guam", "code": "GU"},
{"name": "Guatemala", "code": "GT"},
{"name": "Guernsey", "code": "GG"},
{"name": "Guinea", "code": "GN"},
{"name": "Guinea-Bissau", "code": "GW"},
{"name": "Guyana", "code": "GY"},
{"name": "Haiti", "code": "HT"},
{"name": "Heard Island and Mcdonald Islands", "code": "HM"},
{"name": "Holy See (Vatican City State)", "code": "VA"},
{"name": "Honduras", "code": "HN"},
{"name": "Hong Kong", "code": "HK"},
{"name": "Hungary", "code": "HU"},
{"name": "Iceland", "code": "IS"},
{"name": "India", "code": "IN", 
    "states": [
        {
            "name": "Andhra Pradesh",
            "district": [
            "Chittoor",
            "East Godavari",
            "Guntur",
            "YSR Kadapa",
            "Krishna",
            "Kurnool",
            "Prakasam",
            "Sri Potti Sriramulu Nellore",
            "Srikakulam",
            "Visakhapatnam",
            "Vizianagaram",
            "West Godavari"
        ]
        },
        {
            
            "name": "Arunachal Pradesh",
            "district": [
            "Anjaw",
            "Changlang",
            "East Kameng",
            "East Siang",
            "Kamle",
            "Kra Daadi",
            "Kurung Kumey",
            "Lepa Rada",
            "Lohit",
            "Longding",
            "Lower Dibang Valley",
            "Lower Siang",
            "Lower Subansiri",
            "Namsai",
            "Pakke-Kessang",
            "Papum Pare",
            "Shi Yomi",
            "Siang",
            "Tawang",
            "Tirap",
            "Upper Dibang Valley",
            "Upper Siang",
            "Upper Subansiri",
            "West Kameng",
            "West Siang"
                ]
                    },
             {
            
            "name": "Assam",
            "district": [
            "Baksa",
            "Barpeta",
            "Bishwanath",
            "Bongaigaon",
            "Cachar",
            "Charaideo",
            "Chirang",
            "Darrang",
            "Dhemaji",
            "Dhubri",
            "Dibrugarh",
            "Dima Hasao",
            "Goalpara",
            "Golaghat",
            "Hailakandi",
            "Hojai",
            "Jorhat",
            "Kamrup",
            "Kamrup Metropolitan",
            "Karbi Anglong",
            "Karimganj",
            "Kokrajhar",
            "Lakhimpur",
            "Majuli",
            "Morigaon",
            "Nagaon",
            "Nalbari",
            "Sivasagar",
            "South Salmara",
            "Sonitpur",
            "Tinsukia",
            "Udalguri",
            "West Karbi Anglong"
                ]
                    },
            
                    {
            "name": "Bihar",
            "district": [
            "Araria",
            "Arwal",
            "Aurangabad",
            "Banka",
            "Begusarai",
            "Bhagalpur",
            "Bhojpur",
            "Buxar",
            "Darbhanga",
            "East Champaran",
            "Gaya",
            "Gopalganj",
            "Jamui",
            "Jehanabad",
            "Kaimur",
            "Katihar",
            "Khagaria",
            "Kishanganj",
            "Lakhisarai",
            "Madhepura",
            "Madhubani",
            "Munger",
            "Muzaffarpur",
            "Nalanda",
            "Nawada",
            "Patna",
            "Purnia",
            "Rohtas",
            "Saharsa",
            "Samastipur",
            "Saran",
            "Sheikhpura",
            "Sheohar",
            "Sitamarhi",
            "Siwan",
            "Supaul",
            "Vaishali",
            "West Champaran"
                ]
                    },
            
             {
            "name": "Chhattisgarh",
            "district": [
            "Balod",
            "Baloda Bazar",
            "Balrampur",
            "Bastar",
            "Bemetara",
            "Bijapur",
            "Bilaspur",
            "Dantewada",
            "Dhamtari",
            "Durg",
            "Gariaband",
            "Gaurela-Pendra-Marwahi",
            "Janjgir-Champa",
            "Jashpur",
            "Kabirdham",
            "Kanker",
            "Kondagaon",
            "Korba",
            "Koriya",
            "Mahasamund",
            "Mungeli",
            "Narayanpur",
            "Raigarh",
            "Raipur",
            "Rajnandgaon",
            "Sukma",
            "Surajpur",
            "Surguja"
                ]
                    },
             {
            
            "name": "Gujarat",
            "district": [
            "Ahmedabad",
            "Amreli",
            "Anand",
            "Aravalli",
            "Banaskantha",
            "Bharuch",
            "Bhavnagar",
            "Botad",
            "Chhota Udepur",
            "Dahod",
            "Dang",
            "Devbhoomi Dwarka",
            "Gandhinagar",
            "Gir Somnath",
            "Jamnagar",
            "Junagadh",
            "Kheda",
            "Kutch",
            "Mahisagar",
            "Mehsana",
            "Morbi",
            "Narmada",
            "Navsari",
            "Panchmahal",
            "Patan",
            "Porbandar",
            "Rajkot",
            "Sabarkantha",
            "Surat",
            "Surendranagar",
            "Tapi",
            "Vadodara",
            "Valsad"
                ]
                    },
            {
            
            "name": "Haryana",
            "district": [
            "Ambala",
            "Bhiwani",
            "Charkhi Dadri",
            "Faridabad",
            "Fatehabad",
            "Gurgaon",
            "Hissar",
            "Jhajjar",
            "Jind",
            "Kaithal",
            "Karnal",
            "Kurukshetra",
            "Mahendragarh",
            "Nuh",
            "Palwal",
            "Panchkula",
            "Panipat",
            "Rewari",
            "Rohtak",
            "Sirsa",
            "Sonipat",
            "Yamuna Nagar"
                ]
                    },
            {
            "name": "Himachal Pradesh",
            "district": [
            "Bilaspur",
            "Chamba",
            "Hamirpur",
            "Kangra",
            "Kinnaur",
            "Kullu",
            "Lahaul and Spiti",
            "Mandi",
            "Shimla",
            "Sirmaur",
            "Solan",
            "Una"
                ]
                    },
            {
            "name": "Jharkhand",
            "district": [
            "Bokaro",
            "Chatra",
            "Deoghar",
            "Dhanbad",
            "Dumka",
            "East Singhbhum",
            "Garhwa",
            "Giridih",
            "Godda",
            "Gumla",
            "Hazaribag",
            "Jamtara",
            "Khunti",
            "Koderma",
            "Latehar",
            "Lohardaga",
            "Pakur",
            "Palamu",
            "Ramgarh",
            "Ranchi",
            "Sahibganj",
            "Seraikela Kharsawan",
            "Simdega",
            "West Singhbhum"
                ]
                    },
            {
            "name": "Karnataka",
            "district": [
            "Bagalkot",
            "Ballari",
            "Belagavi",
            "Bengaluru Rural",
            "Bengaluru Urban",
            "Bidar",
            "Chamarajanagara",
            "Chikkaballapura",
            "Chikkamagaluru",
            "Chitradurga",
            "Dakshina Kannada",
            "Davanagere",
            "Dharwad",
            "Gadag",
            "Kalaburagi",
            "Hassan",
            "Haveri",
            "Kodagu",
            "Kolar",
            "Koppal",
            "Mandya",
            "Mysuru",
            "Raichur",
            "Ramanagara",
            "Shivamogga",
            "Tumakuru",
            "Udupi",
            "Uttara Kannada",
            "Vijayapura",
            "Yadgir"
                ]
                    },
            {
            "name": "Kerala",
            "district": [
            "Alappuzha",
            "Ernakulam",
            "Idukki",
            "Kannur",
            "Kasaragod",
            "Kollam",
            "Kottayam",
            "Kozhikode",
            "Malappuram",
            "Palakkad",
            "Pathanamthitta",
            "Thrissur",
            "Thiruvananthapuram",
            "Wayanad"
                ]
                    },
            {
            "name": "Madhya Pradesh",
            "district": [
            "Agar Malwa",
            "Alirajpur",
            "Anuppur",
            "Ashok Nagar",
            "Balaghat",
            "Barwani",
            "Betul",
            "Bhind",
            "Bhopal",
            "Burhanpur",
            "Chachaura-Binaganj",
            "Chhatarpur",
            "Chhindwara",
            "Damoh",
            "Datia",
            "Dewas",
            "Dhar",
            "Dindori",
            "Guna",
            "Gwalior",
            "Harda",
            "Hoshangabad",
            "Indore",
            "Jabalpur",
            "Jhabua",
            "Katni",
            "Khandwa (East Nimar)",
            "Khargone (West Nimar)",
            "Maihar",
            "Mandla",
            "Mandsaur",
            "Morena",
            "Narsinghpur",
            "Nagda",
            "Neemuch",
            "Niwari",
            "Panna",
            "Raisen",
            "Rajgarh",
            "Ratlam",
            "Rewa",
            "Sagar",
            "Satna",
            "Sehore",
            "Seoni",
            "Shahdol",
            "Shajapur",
            "Sheopur",
            "Shivpuri",
            "Sidhi",
            "Singrauli",
            "Tikamgarh",
            "Ujjain",
            "Umaria",
            "Vidisha"
                ]
                    },
            
            {
            "name": "Maharashtra",
            "district": [
            "Ahmednagar",
            "Akola",
            "Amravati",
            "Aurangabad",
            "Beed",
            "Bhandara",
            "Buldhana",
            "Chandrapur",
            "Dhule",
            "Gadchiroli",
            "Gondia",
            "Hingoli",
            "Jalgaon",
            "Jalna",
            "Kolhapur",
            "Latur",
            "Mumbai City",
            "Mumbai suburban",
            "Nanded",
            "Nandurbar",
            "Nagpur",
            "Nashik",
            "Osmanabad",
            "Palghar",
            "Parbhani",
            "Pune",
            "Raigad",
            "Ratnagiri",
            "Sangli",
            "Satara",
            "Sindhudurg",
            "Solapur",
            "Thane",
            "Wardha",
            "Washim",
            "Yavatmal"
                ]
                    },
            
            {
            "name": "Manipur",
            "district": [
            "Bishnupur",
            "Chandel",
            "Churachandpur",
            "Imphal East",
            "Imphal West",
            "Jiribam",
            "Kakching",
            "Kamjong",
            "Kangpokpi",
            "Noney",
            "Pherzawl",
            "Senapati",
            "Tamenglong",
            "Tengnoupal",
            "Thoubal",
            "Ukhrul"
                ]
                    },
            {
            "name": "Meghalaya",
            "district": [
            "East Garo Hills",
            "East Khasi Hills",
            "East Jaintia Hills",
            "North Garo Hills",
            "Ri Bhoi",
            "South Garo Hills",
            "South West Garo Hills",
            "South West Khasi Hills",
            "West Jaintia Hills",
            "West Garo Hills",
            "West Khasi Hills"
            ]
            },
            {
            "name": "Mizoram",
            "district": [
            "Aizawl",
            "Champhai",
            "Hnahthial",
            "Khawzawl",
            "Kolasib",
            "Lawngtlai",
            "Lunglei",
            "Mamit",
            "Saiha",
            "Saitual",
            "Serchhip"
                ]
                    },
            {
            "name": "Nagaland",
            "district": [
            "Dimapur",
            "Kiphire",
            "Kohima",
            "Longleng",
            "Mokokchung",
            "Mon",
            "Noklak",
            "Peren",
            "Phek",
            "Tuensang",
            "Wokha",
            "Zunheboto"
                ]
                    },
            {
            "name": "Odisha",
            "district": [
            "Angul",
            "Boudh (Bauda)",
            "Bhadrak",
            "Balangir",
            "Bargarh (Baragarh)",
            "Balasore",
            "Cuttack",
            "Debagarh (Deogarh)",
            "Dhenkanal",
            "Ganjam",
            "Gajapati",
            "Jharsuguda",
            "Jajpur",
            "Jagatsinghpur",
            "Khordha",
            "Kendujhar (Keonjhar)",
            "Kalahandi",
            "Kandhamal",
            "Koraput",
            "Kendrapara",
            "Malkangiri",
            "Mayurbhanj",
            "Nabarangpur",
            "Nuapada",
            "Nayagarh",
            "Puri",
            "Rayagada",
            "Sambalpur",
            "Subarnapur (Sonepur)",
            "Sundargarh"
                ]
                    },
            {
            "name": "Punjab",
            "district": [
            "Amritsar",
            "Barnala",
            "Bathinda",
            "Firozpur",
            "Faridkot",
            "Fatehgarh Sahib",
            "Fazilka[14]",
            "Gurdaspur",
            "Hoshiarpur",
            "Jalandhar",
            "Kapurthala",
            "Ludhiana",
            "Mansa",
            "Moga",
            "Sri Muktsar Sahib",
            "Pathankot",
            "Patiala",
            "Rupnagar",
            "Sahibzada Ajit Singh Nagar",
            "Sangrur",
            "Shahid Bhagat Singh Nagar",
            "Tarn Taran"
                ]
                    },
            {
            "name": "Rajasthan",
            "district": [
            "Ajmer",
            "Alwar",
            "Bikaner",
            "Barmer",
            "Banswara",
            "Bharatpur",
            "Baran",
            "Bundi",
            "Bhilwara",
            "Churu",
            "Chittorgarh",
            "Dausa",
            "Dholpur",
            "Dungarpur",
            "Ganganagar",
            "Hanumangarh",
            "Jhunjhunu",
            "Jalore",
            "Jodhpur",
            "Jaipur",
            "Jaisalmer",
            "Jhalawar",
            "Karauli",
            "Kota",
            "Nagaur",
            "Pali",
            "Pratapgarh",
            "Rajsamand",
            "Sikar",
            "Sawai Madhopur",
            "Sirohi",
            "Tonk",
            "Udaipur"
                ]
                    },
            {
            "name": "Sikkim",
            "district": [
            
            "East Sikkim",
            "North Sikkim",
            "South Sikkim",
            "West Sikkim"
                ]
                    },
            {
            "name": "Tamil Nadu",
            "district": [
            "Ariyalur",
            "Chengalpattu",
            "Chennai",
            "Coimbatore",
            "Cuddalore",
            "Dharmapuri",
            "Dindigul",
            "Erode",
            "Kallakurichi",
            "Kanchipuram",
            "Kanyakumari",
            "Karur",
            "Krishnagiri",
            "Madurai",
            "Mayiladuthurai",
            "Nagapattinam",
            "Nilgiris",
            "Namakkal",
            "Perambalur",
            "Pudukkottai",
            "Ramanathapuram",
            "Ranipet",
            "Salem",
            "Sivaganga",
            "Tenkasi",
            "Tirupur",
            "Tiruchirappalli",
            "Theni",
            "Tirunelveli",
            "Thanjavur",
            "Thoothukudi",
            "Tirupattur",
            "Tiruvallur",
            "Tiruvarur",
            "Tiruvannamalai",
            "Vellore",
            "Viluppuram",
            "Virudhunagar"
                ]
                    },
            {
            
            "name": "Telangana",
            "district": [
            
            "Adilabad",
            "Komaram Bheem",
            "Bhadradri Kothagudem",
            "Hyderabad",
            "Jagtial",
            "Jangaon",
            "Jayashankar Bhupalpally",
            "Jogulamba Gadwal",
            "Kamareddy",
            "Karimnagar",
            "Khammam",
            "Mahabubabad",
            "Mahbubnagar",
            "Mancherial",
            "Medak",
            "Medchal-Malkajgiri",
            "Mulugu",
            "Nalgonda",
            "Narayanpetv",
            "Nagarkurnool",
            "Nirmal",
            "Nizamabad",
            "Peddapalli",
            "Rajanna Sircilla",
            "Ranga Reddy",
            "Sangareddy",
            "Siddipet",
            "Suryapet",
            "Vikarabad",
            "Wanaparthy",
            "Warangal Urban",
            "Warangal Rural",
            "Yadadri Bhuvanagiri"
                ]
                    },
            {
            "name": "Tripura",
            "district": [
            "Dhalai",
            "Gomati",
            "Khowai",
            "North Tripura",
            "Sepahijala",
            "South Tripura",
            "Unokoti",
            "West Tripura"
                ]
                    },
            {
            "name": "Uttar Pradesh",
            "district": [
            
            "Agra",
            "Aligarh",
            "Prayagraj",
            "Ambedkar Nagar",
            "Amethi",
            "Amroha",
            "Auraiya",
            "Azamgarh",
            "Bagpat",
            "Bahraich",
            "Ballia",
            "Balrampur",
            "Banda",
            "Barabanki",
            "Bareilly",
            "Basti",
            "Bhadohi",
            "Bijnor",
            "Budaun",
            "Bulandshahr",
            "Chandauli",
            "Chitrakoot",
            "Deoria",
            "Etah",
            "Etawah",
            "Ayodhya",
            "Farrukhabad",
            "Fatehpur",
            "Firozabad",
            "Gautam Buddh Nagar",
            "Ghaziabad",
            "Ghazipur",
            "Gonda",
            "Gorakhpur",
            "Hamirpur",
            "Hapur",
            "Hardoi",
            "Hathras",
            "Jalaun",
            "Jaunpur",
            "Jhansi",
            "Kannauj",
            "Kanpur Dehat",
            "Kanpur Nagar",
            "Kasganj",
            "Kaushambi",
            "Kushinagar",
            "Lakhimpur Kheri",
            "Lalitpur",
            "Lucknow",
            "Maharajganj",
            "Mahoba",
            "Mainpuri",
            "Mathura",
            "Mau",
            "Meerut",
            "Mirzapur",
            "Moradabad",
            "Muzaffarnagar",
            "Pilibhit",
            "Pratapgarh",
            "Raebareli",
            "Rampur",
            "Saharanpur",
            "Sambhal",
            "Sant Kabir Nagar",
            "Shahjahanpur",
            "Shamli",
            "Shravasti",
            "Siddharthnagar",
            "Sitapur",
            "Sonbhadra",
            "Sultanpur",
            "Unnao",
            "Varanasi"
                ]
                    },
            {
            "name": "Uttarakhand",
            "district": [
            
            "Almora",
            "Bageshwar",
            "Chamoli",
            "Champawat",
            "Dehradun",
            "Haridwar",
            "Nainital",
            "Pauri Garhwal",
            "Pithoragarh",
            "Rudraprayag",
            "Tehri Garhwal",
            "Udham Singh Nagar",
            "Uttarkashi"
                ]
                    },
            
             {
            "name": "West Bengal",
            "district": [
            "Alipurduar",
            "Bankura",
            "Paschim Bardhaman",
            "Purba Bardhaman",
            "Birbhum",
            "Cooch Behar",
            "Dakshin Dinajpur",
            "Darjeeling",
            "Hooghly",
            "Howrah",
            "Jalpaiguri",
            "Jhargram",
            "Kalimpong",
            "Kolkata",
            "Maldah",
            "Murshidabad",
            "Nadia",
            "North 24 Parganas",
            "Paschim Medinipur",
            "Purba Medinipur",
            "Purulia",
            "South 24 Parganas",
            "Uttar Dinajpur"
                ]
                    },
            
             {
            "name": "Andaman and Nicobar", 
            "district":[
            "Nicobar",
            "North and Middle Andaman",
            "South Andaman"
            ]
                    },
            
             {
            "name": "Chandigarh",
            "district":[
            "Chandigarh"
            ]
                    },
            
            
             {
            "name": "Dadra and Nagar Haveli and Daman and Diu",
            "district":[
            "Daman",
            "Diu",
            "Dadra and Nagar Haveli"
            ]
                    },
            
            
             {
            "name": "Jammu and Kashmir",
            "district":[
            "Anantnag",
            "Bandipora",
            "Baramulla",
            "Badgam",
            "Doda",
            "Ganderbal",
            "Jammu",
            "Kathua",
            "Kishtwar",
            "Kulgam",
            "Kupwara",
            "Poonch",
            "Pulwama",
            "Rajouri",
            "Ramban",
            "Reasi",
            "Samba",
            "Shopian",
            "Srinagar",
            "Udhampur"
            ]
                    },
            
            
            
             {
            "name": "Ladakh",
            "district":[
            "Kargil",
            "Leh"
            ]
                    },
            
            
             {
            "name": "Lakshadweep",
            "district":[
            "Lakshadweep"
            ]
                    },
            
            
             {
            "name": "Delhi",
            "district":[
            "Central Delhi",
            "East Delhi",
            "New Delhi",
            "North Delhi",
            "North East Delhi",
            "North West Delhi",
            "Shahdara",
            "South Delhi",
            "South East Delhi",
            "South West Delhi",
            "West Delhi"
            ]
        },
        {
            "name": "Puducherry",
            "district":[
            "Karaikal",
            "Mahe",
            "Pondicherry",
            "Yanam"
            ]
        }
            
    ]
},
{"name": "Indonesia", "code": "ID"},
{"name": "Iran, Islamic Republic Of", "code": "IR"},
{"name": "Iraq", "code": "IQ"},
{"name": "Ireland", "code": "IE"},
{"name": "Isle of Man", "code": "IM"},
{"name": "Israel", "code": "IL"},
{"name": "Italy", "code": "IT"},
{"name": "Jamaica", "code": "JM"},
{"name": "Japan", "code": "JP"},
{"name": "Jersey", "code": "JE"},
{"name": "Jordan", "code": "JO"},
{"name": "Kazakhstan", "code": "KZ"},
{"name": "Kenya", "code": "KE"},
{"name": "Kiribati", "code": "KI"},
{"name": "Korea, Democratic People's Republic of", "code": "KP"},
{"name": "Korea, Republic of", "code": "KR"},
{"name": "Kuwait", "code": "KW"},
{"name": "Kyrgyzstan", "code": "KG"},
{"name": "Lao People's Democratic Republic", "code": "LA"},
{"name": "Latvia", "code": "LV"},
{"name": "Lebanon", "code": "LB"},
{"name": "Lesotho", "code": "LS"},
{"name": "Liberia", "code": "LR"},
{"name": "Libyan Arab Jamahiriya", "code": "LY"},
{"name": "Liechtenstein", "code": "LI"},
{"name": "Lithuania", "code": "LT"},
{"name": "Luxembourg", "code": "LU"},
{"name": "Macao", "code": "MO"},
{"name": "Macedonia, The Former Yugoslav Republic of", "code": "MK"},
{"name": "Madagascar", "code": "MG"},
{"name": "Malawi", "code": "MW"},
{"name": "Malaysia", "code": "MY"},
{"name": "Maldives", "code": "MV"},
{"name": "Mali", "code": "ML"},
{"name": "Malta", "code": "MT"},
{"name": "Marshall Islands", "code": "MH"},
{"name": "Martinique", "code": "MQ"},
{"name": "Mauritania", "code": "MR"},
{"name": "Mauritius", "code": "MU"},
{"name": "Mayotte", "code": "YT"},
{"name": "Mexico", "code": "MX"},
{"name": "Micronesia, Federated States of", "code": "FM"},
{"name": "Moldova, Republic of", "code": "MD"},
{"name": "Monaco", "code": "MC"},
{"name": "Mongolia", "code": "MN"},
{"name": "Montserrat", "code": "MS"},
{"name": "Morocco", "code": "MA"},
{"name": "Mozambique", "code": "MZ"},
{"name": "Myanmar", "code": "MM"},
{"name": "Namibia", "code": "NA"},
{"name": "Nauru", "code": "NR"},
{"name": "Nepal", "code": "NP"},
{"name": "Netherlands", "code": "NL"},
{"name": "Netherlands Antilles", "code": "AN"},
{"name": "New Caledonia", "code": "NC"},
{"name": "New Zealand", "code": "NZ"},
{"name": "Nicaragua", "code": "NI"},
{"name": "Niger", "code": "NE"},
{"name": "Nigeria", "code": "NG"},
{"name": "Niue", "code": "NU"},
{"name": "Norfolk Island", "code": "NF"},
{"name": "Northern Mariana Islands", "code": "MP"},
{"name": "Norway", "code": "NO"},
{"name": "Oman", "code": "OM"},
{"name": "Pakistan", "code": "PK"},
{"name": "Palau", "code": "PW"},
{"name": "Palestinian Territory, Occupied", "code": "PS"},
{"name": "Panama", "code": "PA"},
{"name": "Papua New Guinea", "code": "PG"},
{"name": "Paraguay", "code": "PY"},
{"name": "Peru", "code": "PE"},
{"name": "Philippines", "code": "PH"},
{"name": "Pitcairn", "code": "PN"},
{"name": "Poland", "code": "PL"},
{"name": "Portugal", "code": "PT"},
{"name": "Puerto Rico", "code": "PR"},
{"name": "Qatar", "code": "QA"},
{"name": "Reunion", "code": "RE"},
{"name": "Romania", "code": "RO"},
{"name": "Russian Federation", "code": "RU"},
{"name": "RWANDA", "code": "RW"},
{"name": "Saint Helena", "code": "SH"},
{"name": "Saint Kitts and Nevis", "code": "KN"},
{"name": "Saint Lucia", "code": "LC"},
{"name": "Saint Pierre and Miquelon", "code": "PM"},
{"name": "Saint Vincent and the Grenadines", "code": "VC"},
{"name": "Samoa", "code": "WS"},
{"name": "San Marino", "code": "SM"},
{"name": "Sao Tome and Principe", "code": "ST"},
{"name": "Saudi Arabia", "code": "SA"},
{"name": "Senegal", "code": "SN"},
{"name": "Serbia and Montenegro", "code": "CS"},
{"name": "Seychelles", "code": "SC"},
{"name": "Sierra Leone", "code": "SL"},
{"name": "Singapore", "code": "SG"},
{"name": "Slovakia", "code": "SK"},
{"name": "Slovenia", "code": "SI"},
{"name": "Solomon Islands", "code": "SB"},
{"name": "Somalia", "code": "SO"},
{"name": "South Africa", "code": "ZA"},
{"name": "South Georgia and the South Sandwich Islands", "code": "GS"},
{"name": "Spain", "code": "ES"},
{"name": "Sri Lanka", "code": "LK"},
{"name": "Sudan", "code": "SD"},
{"name": "Suriname", "code": "SR"},
{"name": "Svalbard and Jan Mayen", "code": "SJ"},
{"name": "Swaziland", "code": "SZ"},
{"name": "Sweden", "code": "SE"},
{"name": "Switzerland", "code": "CH"},
{"name": "Syrian Arab Republic", "code": "SY"},
{"name": "Taiwan, Province of China", "code": "TW"},
{"name": "Tajikistan", "code": "TJ"},
{"name": "Tanzania, United Republic of", "code": "TZ"},
{"name": "Thailand", "code": "TH"},
{"name": "Timor-Leste", "code": "TL"},
{"name": "Togo", "code": "TG"},
{"name": "Tokelau", "code": "TK"},
{"name": "Tonga", "code": "TO"},
{"name": "Trinidad and Tobago", "code": "TT"},
{"name": "Tunisia", "code": "TN"},
{"name": "Turkey", "code": "TR"},
{"name": "Turkmenistan", "code": "TM"},
{"name": "Turks and Caicos Islands", "code": "TC"},
{"name": "Tuvalu", "code": "TV"},
{"name": "Uganda", "code": "UG"},
{"name": "Ukraine", "code": "UA"},
{"name": "United Arab Emirates", "code": "AE"},
{"name": "United Kingdom", "code": "GB"},
{"name": "United States", "code": "US"},
{"name": "United States Minor Outlying Islands", "code": "UM"},
{"name": "Uruguay", "code": "UY"},
{"name": "Uzbekistan", "code": "UZ"},
{"name": "Vanuatu", "code": "VU"},
{"name": "Venezuela", "code": "VE"},
{"name": "Viet Nam", "code": "VN"},
{"name": "Virgin Islands, British", "code": "VG"},
{"name": "Virgin Islands, U.S.", "code": "VI"},
{"name": "Wallis and Futuna", "code": "WF"},
{"name": "Western Sahara", "code": "EH"},
{"name": "Yemen", "code": "YE"},
{"name": "Zambia", "code": "ZM"},
{"name": "Zimbabwe", "code": "ZW"}
]